,0,Contacts,Content
0,John,723116674,hello john
1,Tom,723116674,hello Tom
2,Mary,723116674,hello mary
2,Mary,723116674,hello mary
2,Mary,723116674,hello mary
2,Mary,723116674,hello mary
2,Mary,723116674,hello mary
2,Mary,723116674,hello mary
2,Mary,723116674,hello mary
2,Mary,723116674,hello mary
2,Mary,723116674,hello mary
2,Mary,723116674,hello mary
2,Mary,723116674,hello mary
2,Mary,723116674,hello mary
2,Mary,723116674,hello mary
2,Mary,723116674,hello mary
2,Mary,723116674,hello mary
2,Mary,723116674,hello mary
2,Mary,723116674,hello mary
2,Mary,723116674,hello mary
2,Mary,723116674,hello mary
2,Mary,723116674,hello mary
2,Mary,723116674,hello mary
2,Mary,723116674,hello mary
2,Mary,723116674,hello mary
2,Mary,723116674,hello mary
2,Mary,723116674,hello mary
2,Mary,723116674,hello mary
2,Mary,723116674,hello mary
2,Mary,723116674,hello mary
2,Mary,723116674,hello mary
2,Mary,723116674,hello mary
2,Mary,723116674,hello mary
2,Mary,723116674,hello mary
2,Mary,723116674,hello mary
2,Mary,723116674,hello mary
2,Mary,723116674,hello mary
2,Mary,723116674,hello mary
2,Mary,723116674,hello mary
2,Mary,723116674,hello mary
2,Mary,723116674,hello mary
2,Mary,723116674,hello mary
2,Mary,723116674,hello mary
2,Mary,723116674,hello mary
2,Mary,723116674,hello mary
2,Mary,723116674,hello mary
2,Mary,723116674,hello mary
2,Mary,723116674,hello mary
